[
  {
    "poi_id": "gangaramaya_temple",
    "place_id": "ChIJNY4zjkFU4jIRwg8xQg5dOxE",
    "name": "Gangaramaya Temple",
    "coords": {"lat": 6.9147, "lng": 79.8560},
    "tags": ["Culture", "Temple", "History"],
    "themes": ["Culture"],
    "price_band": "low",
    "estimated_cost": 5,
    "opening_hours": {
      "mon": [{"open": "08:00", "close": "18:00"}],
      "tue": [{"open": "08:00", "close": "18:00"}],
      "wed": [{"open": "08:00", "close": "18:00"}],
      "thu": [{"open": "08:00", "close": "18:00"}],
      "fri": [{"open": "08:00", "close": "18:00"}],
      "sat": [{"open": "08:00", "close": "18:00"}],
      "sun": [{"open": "08:00", "close": "18:00"}]
    },
    "seasonality": ["All"],
    "duration_minutes": 90,
    "safety_flags": [],
    "region": "Colombo"
  },
  {
    "poi_id": "temple_of_tooth",
    "place_id": "ChIJaRYKtcFo4TIRMbmNc3FYRys",
    "name": "Temple of the Sacred Tooth Relic",
    "coords": {"lat": 7.2906, "lng": 80.6337},
    "tags": ["Culture", "Temple", "History", "UNESCO"],
    "themes": ["Culture"],
    "price_band": "low",
    "estimated_cost": 10,
    "opening_hours": {
      "mon": [{"open": "05:30", "close": "20:00"}],
      "tue": [{"open": "05:30", "close": "20:00"}],
      "wed": [{"open": "05:30", "close": "20:00"}],
      "thu": [{"open": "05:30", "close": "20:00"}],
      "fri": [{"open": "05:30", "close": "20:00"}],
      "sat": [{"open": "05:30", "close": "20:00"}],
      "sun": [{"open": "05:30", "close": "20:00"}]
    },
    "seasonality": ["All"],
    "duration_minutes": 120,
    "safety_flags": [],
    "region": "Kandy"
  },
  {
    "poi_id": "sigiriya_rock",
    "place_id": "ChIJkx6mKrpE5jIRqwbhSLZC5Uo",
    "name": "Sigiriya Rock Fortress",
    "coords": {"lat": 7.9570, "lng": 80.7603},
    "tags": ["History", "UNESCO", "Hiking", "Adventure"],
    "themes": ["Culture", "Adventure"],
    "price_band": "high",
    "estimated_cost": 35,
    "opening_hours": {
      "mon": [{"open": "07:00", "close": "17:30"}],
      "tue": [{"open": "07:00", "close": "17:30"}],
      "wed": [{"open": "07:00", "close": "17:30"}],
      "thu": [{"open": "07:00", "close": "17:30"}],
      "fri": [{"open": "07:00", "close": "17:30"}],
      "sat": [{"open": "07:00", "close": "17:30"}],
      "sun": [{"open": "07:00", "close": "17:30"}]
    },
    "seasonality": ["All"],
    "duration_minutes": 180,
    "safety_flags": [],
    "region": "Dambulla"
  },
  {
    "poi_id": "nine_arch_bridge",
    "place_id": "ChIJp7X8ZjBF5TIRfwVe7kOe8Ko",
    "name": "Nine Arch Bridge",
    "coords": {"lat": 6.9313, "lng": 81.0558},
    "tags": ["Nature", "Photography", "Railway", "Hiking"],
    "themes": ["Nature", "Adventure"],
    "price_band": "low",
    "estimated_cost": 0,
    "opening_hours": {
      "mon": [{"open": "06:00", "close": "18:00"}],
      "tue": [{"open": "06:00", "close": "18:00"}],
      "wed": [{"open": "06:00", "close": "18:00"}],
      "thu": [{"open": "06:00", "close": "18:00"}],
      "fri": [{"open": "06:00", "close": "18:00"}],
      "sat": [{"open": "06:00", "close": "18:00"}],
      "sun": [{"open": "06:00", "close": "18:00"}]
    },
    "seasonality": ["All"],
    "duration_minutes": 60,
    "safety_flags": [],
    "region": "Ella"
  },
  {
    "poi_id": "galle_fort",
    "place_id": "ChIJF8VQzjhk4jIRkOLJfkzRiBo",
    "name": "Galle Dutch Fort",
    "coords": {"lat": 6.0329, "lng": 80.2168},
    "tags": ["History", "UNESCO", "Colonial", "Architecture"],
    "themes": ["Culture"],
    "price_band": "low",
    "estimated_cost": 5,
    "opening_hours": {
      "mon": [{"open": "08:00", "close": "18:00"}],
      "tue": [{"open": "08:00", "close": "18:00"}],
      "wed": [{"open": "08:00", "close": "18:00"}],
      "thu": [{"open": "08:00", "close": "18:00"}],
      "fri": [{"open": "08:00", "close": "18:00"}],
      "sat": [{"open": "08:00", "close": "18:00"}],
      "sun": [{"open": "08:00", "close": "18:00"}]
    },
    "seasonality": ["All"],
    "duration_minutes": 120,
    "safety_flags": [],
    "region": "Galle"
  },
  {
    "poi_id": "pinnawala_elephant_orphanage",
    "place_id": "ChIJIYHnz1g35TIRcWRQ6dHFzJM",
    "name": "Pinnawala Elephant Orphanage",
    "coords": {"lat": 7.2981, "lng": 80.3925},
    "tags": ["Wildlife", "Family", "Conservation", "Photography"],
    "themes": ["Nature"],
    "price_band": "mid",
    "estimated_cost": 15,
    "opening_hours": {
      "mon": [{"open": "08:30", "close": "17:30"}],
      "tue": [{"open": "08:30", "close": "17:30"}],
      "wed": [{"open": "08:30", "close": "17:30"}],
      "thu": [{"open": "08:30", "close": "17:30"}],
      "fri": [{"open": "08:30", "close": "17:30"}],
      "sat": [{"open": "08:30", "close": "17:30"}],
      "sun": [{"open": "08:30", "close": "17:30"}]
    },
    "seasonality": ["All"],
    "duration_minutes": 150,
    "safety_flags": [],
    "region": "Kegalle"
  },
  {
    "poi_id": "yala_national_park",
    "place_id": "ChIJ7fM8TqhE5TIRwR2wKTUMKnE",
    "name": "Yala National Park",
    "coords": {"lat": 6.3723, "lng": 81.5185},
    "tags": ["Wildlife", "Safari", "Nature", "Photography"],
    "themes": ["Nature", "Adventure"],
    "price_band": "high",
    "estimated_cost": 45,
    "opening_hours": {
      "mon": [{"open": "06:00", "close": "18:00"}],
      "tue": [{"open": "06:00", "close": "18:00"}],
      "wed": [{"open": "06:00", "close": "18:00"}],
      "thu": [{"open": "06:00", "close": "18:00"}],
      "fri": [{"open": "06:00", "close": "18:00"}],
      "sat": [{"open": "06:00", "close": "18:00"}],
      "sun": [{"open": "06:00", "close": "18:00"}]
    },
    "seasonality": ["All"],
    "duration_minutes": 240,
    "safety_flags": [],
    "region": "Hambantota"
  },
  {
    "poi_id": "royal_botanical_gardens",
    "place_id": "ChIJrb7DUsZU4jIRhq8W-h0b8LY",
    "name": "Royal Botanical Gardens Peradeniya",
    "coords": {"lat": 7.2734, "lng": 80.5967},
    "tags": ["Nature", "Gardens", "Family", "Relaxation"],
    "themes": ["Nature"],
    "price_band": "low",
    "estimated_cost": 8,
    "opening_hours": {
      "mon": [{"open": "07:30", "close": "17:30"}],
      "tue": [{"open": "07:30", "close": "17:30"}],
      "wed": [{"open": "07:30", "close": "17:30"}],
      "thu": [{"open": "07:30", "close": "17:30"}],
      "fri": [{"open": "07:30", "close": "17:30"}],
      "sat": [{"open": "07:30", "close": "17:30"}],
      "sun": [{"open": "07:30", "close": "17:30"}]
    },
    "seasonality": ["All"],
    "duration_minutes": 120,
    "safety_flags": [],
    "region": "Kandy"
  },
  {
    "poi_id": "adams_peak",
    "place_id": "ChIJX7kDWqhD5TIRdZJG5zOSfDo",
    "name": "Adam's Peak (Sri Pada)",
    "coords": {"lat": 6.8097, "lng": 80.4992},
    "tags": ["Hiking", "Pilgrimage", "Adventure", "Sunrise"],
    "themes": ["Adventure", "Culture"],
    "price_band": "low",
    "estimated_cost": 5,
    "opening_hours": {
      "mon": [{"open": "20:00", "close": "06:00"}],
      "tue": [{"open": "20:00", "close": "06:00"}],
      "wed": [{"open": "20:00", "close": "06:00"}],
      "thu": [{"open": "20:00", "close": "06:00"}],
      "fri": [{"open": "20:00", "close": "06:00"}],
      "sat": [{"open": "20:00", "close": "06:00"}],
      "sun": [{"open": "20:00", "close": "06:00"}]
    },
    "seasonality": ["Dec", "Jan", "Feb", "Mar", "Apr", "May"],
    "duration_minutes": 360,
    "safety_flags": ["requires_guide", "physical_difficulty_high"],
    "region": "Ratnapura"
  },
  {
    "poi_id": "colombo_national_museum",
    "place_id": "ChIJp7kDWqhD5TIRdZJG5zOSfDo",
    "name": "Colombo National Museum",
    "coords": {"lat": 6.9112, "lng": 79.8611},
    "tags": ["Culture", "History", "Museum", "Education"],
    "themes": ["Culture"],
    "price_band": "low",
    "estimated_cost": 3,
    "opening_hours": {
      "mon": [{"open": "09:00", "close": "17:00"}],
      "tue": [{"open": "09:00", "close": "17:00"}],
      "wed": [{"open": "09:00", "close": "17:00"}],
      "thu": [{"open": "09:00", "close": "17:00"}],
      "fri": [{"open": "09:00", "close": "17:00"}],
      "sat": [{"open": "09:00", "close": "17:00"}],
      "sun": [{"open": "09:00", "close": "17:00"}]
    },
    "seasonality": ["All"],
    "duration_minutes": 90,
    "safety_flags": [],
    "region": "Colombo"
  },
  {
    "poi_id": "horton_plains",
    "place_id": "ChIJu7X8ZjBF5TIRfwVe7kOe8Ko",
    "name": "Horton Plains National Park",
    "coords": {"lat": 6.8006, "lng": 80.8056},
    "tags": ["Nature", "Hiking", "World's End", "Cloud Forest"],
    "themes": ["Nature", "Adventure"],
    "price_band": "mid",
    "estimated_cost": 20,
    "opening_hours": {
      "mon": [{"open": "06:30", "close": "16:00"}],
      "tue": [{"open": "06:30", "close": "16:00"}],
      "wed": [{"open": "06:30", "close": "16:00"}],
      "thu": [{"open": "06:30", "close": "16:00"}],
      "fri": [{"open": "06:30", "close": "16:00"}],
      "sat": [{"open": "06:30", "close": "16:00"}],
      "sun": [{"open": "06:30", "close": "16:00"}]
    },
    "seasonality": ["All"],
    "duration_minutes": 180,
    "safety_flags": [],
    "region": "Nuwara Eliya"
  },
  {
    "poi_id": "dambulla_cave_temple",
    "place_id": "ChIJkx6mKrpE5jIRqwbhSLZC5Uo",
    "name": "Dambulla Cave Temple",
    "coords": {"lat": 7.8567, "lng": 80.6490},
    "tags": ["Culture", "Temple", "History", "UNESCO", "Cave"],
    "themes": ["Culture"],
    "price_band": "mid",
    "estimated_cost": 12,
    "opening_hours": {
      "mon": [{"open": "07:00", "close": "19:00"}],
      "tue": [{"open": "07:00", "close": "19:00"}],
      "wed": [{"open": "07:00", "close": "19:00"}],
      "thu": [{"open": "07:00", "close": "19:00"}],
      "fri": [{"open": "07:00", "close": "19:00"}],
      "sat": [{"open": "07:00", "close": "19:00"}],
      "sun": [{"open": "07:00", "close": "19:00"}]
    },
    "seasonality": ["All"],
    "duration_minutes": 120,
    "safety_flags": [],
    "region": "Dambulla"
  },
  {
    "poi_id": "mirissa_beach",
    "place_id": "ChIJF8VQzjhk4jIRkOLJfkzRiBo",
    "name": "Mirissa Beach",
    "coords": {"lat": 5.9467, "lng": 80.4564},
    "tags": ["Beach", "Relaxation", "Swimming", "Whale Watching"],
    "themes": ["Nature", "Relaxation"],
    "price_band": "low",
    "estimated_cost": 0,
    "opening_hours": {
      "mon": [{"open": "06:00", "close": "19:00"}],
      "tue": [{"open": "06:00", "close": "19:00"}],
      "wed": [{"open": "06:00", "close": "19:00"}],
      "thu": [{"open": "06:00", "close": "19:00"}],
      "fri": [{"open": "06:00", "close": "19:00"}],
      "sat": [{"open": "06:00", "close": "19:00"}],
      "sun": [{"open": "06:00", "close": "19:00"}]
    },
    "seasonality": ["All"],
    "duration_minutes": 120,
    "safety_flags": [],
    "region": "Matara"
  },
  {
    "poi_id": "anuradhapura_ancient_city",
    "place_id": "ChIJaRYKtcFo4TIRMbmNc3FYRys",
    "name": "Anuradhapura Ancient City",
    "coords": {"lat": 8.3114, "lng": 80.4037},
    "tags": ["History", "UNESCO", "Ancient", "Culture", "Temple"],
    "themes": ["Culture"],
    "price_band": "mid",
    "estimated_cost": 25,
    "opening_hours": {
      "mon": [{"open": "08:00", "close": "17:00"}],
      "tue": [{"open": "08:00", "close": "17:00"}],
      "wed": [{"open": "08:00", "close": "17:00"}],
      "thu": [{"open": "08:00", "close": "17:00"}],
      "fri": [{"open": "08:00", "close": "17:00"}],
      "sat": [{"open": "08:00", "close": "17:00"}],
      "sun": [{"open": "08:00", "close": "17:00"}]
    },
    "seasonality": ["All"],
    "duration_minutes": 240,
    "safety_flags": [],
    "region": "Anuradhapura"
  },
  {
    "poi_id": "polonnaruwa_ancient_city",
    "place_id": "ChIJaRYKtcFo4TIRMbmNc3FYRys",
    "name": "Polonnaruwa Ancient City",
    "coords": {"lat": 7.9403, "lng": 81.0188},
    "tags": ["History", "UNESCO", "Ancient", "Culture", "Ruins"],
    "themes": ["Culture"],
    "price_band": "mid",
    "estimated_cost": 25,
    "opening_hours": {
      "mon": [{"open": "08:00", "close": "17:00"}],
      "tue": [{"open": "08:00", "close": "17:00"}],
      "wed": [{"open": "08:00", "close": "17:00"}],
      "thu": [{"open": "08:00", "close": "17:00"}],
      "fri": [{"open": "08:00", "close": "17:00"}],
      "sat": [{"open": "08:00", "close": "17:00"}],
      "sun": [{"open": "08:00", "close": "17:00"}]
    },
    "seasonality": ["All"],
    "duration_minutes": 180,
    "safety_flags": [],
    "region": "Polonnaruwa"
  },
  {
    "poi_id": "tea_plantation_nuwara_eliya",
    "place_id": "ChIJu7X8ZjBF5TIRfwVe7kOe8Ko",
    "name": "Tea Plantation Experience",
    "coords": {"lat": 6.9497, "lng": 80.7891},
    "tags": ["Tea", "Agriculture", "Nature", "Local Experience"],
    "themes": ["Nature", "Food"],
    "price_band": "mid",
    "estimated_cost": 18,
    "opening_hours": {
      "mon": [{"open": "08:00", "close": "17:00"}],
      "tue": [{"open": "08:00", "close": "17:00"}],
      "wed": [{"open": "08:00", "close": "17:00"}],
      "thu": [{"open": "08:00", "close": "17:00"}],
      "fri": [{"open": "08:00", "close": "17:00"}],
      "sat": [{"open": "08:00", "close": "17:00"}],
      "sun": [{"open": "08:00", "close": "17:00"}]
    },
    "seasonality": ["All"],
    "duration_minutes": 120,
    "safety_flags": [],
    "region": "Nuwara Eliya"
  },
  {
    "poi_id": "bentota_beach",
    "place_id": "ChIJF8VQzjhk4jIRkOLJfkzRiBo",
    "name": "Bentota Beach",
    "coords": {"lat": 6.4204, "lng": 80.0010},
    "tags": ["Beach", "Water Sports", "Relaxation", "Resort"],
    "themes": ["Nature", "Relaxation"],
    "price_band": "mid",
    "estimated_cost": 25,
    "opening_hours": {
      "mon": [{"open": "06:00", "close": "19:00"}],
      "tue": [{"open": "06:00", "close": "19:00"}],
      "wed": [{"open": "06:00", "close": "19:00"}],
      "thu": [{"open": "06:00", "close": "19:00"}],
      "fri": [{"open": "06:00", "close": "19:00"}],
      "sat": [{"open": "06:00", "close": "19:00"}],
      "sun": [{"open": "06:00", "close": "19:00"}]
    },
    "seasonality": ["All"],
    "duration_minutes": 180,
    "safety_flags": [],
    "region": "Kalutara"
  },
  {
    "poi_id": "minneriya_national_park",
    "place_id": "ChIJ7fM8TqhE5TIRwR2wKTUMKnE",
    "name": "Minneriya National Park",
    "coords": {"lat": 8.0320, "lng": 80.8900},
    "tags": ["Wildlife", "Safari", "Elephants", "Nature"],
    "themes": ["Nature", "Adventure"],
    "price_band": "high",
    "estimated_cost": 40,
    "opening_hours": {
      "mon": [{"open": "06:00", "close": "18:00"}],
      "tue": [{"open": "06:00", "close": "18:00"}],
      "wed": [{"open": "06:00", "close": "18:00"}],
      "thu": [{"open": "06:00", "close": "18:00"}],
      "fri": [{"open": "06:00", "close": "18:00"}],
      "sat": [{"open": "06:00", "close": "18:00"}],
      "sun": [{"open": "06:00", "close": "18:00"}]
    },
    "seasonality": ["Jun", "Jul", "Aug", "Sep", "Oct"],
    "duration_minutes": 180,
    "safety_flags": [],
    "region": "Habarana"
  },
  {
    "poi_id": "little_adams_peak",
    "place_id": "ChIJp7X8ZjBF5TIRfwVe7kOe8Ko",
    "name": "Little Adam's Peak",
    "coords": {"lat": 6.9414, "lng": 81.0464},
    "tags": ["Hiking", "Nature", "Panoramic Views", "Photography"],
    "themes": ["Nature", "Adventure"],
    "price_band": "low",
    "estimated_cost": 0,
    "opening_hours": {
      "mon": [{"open": "06:00", "close": "18:00"}],
      "tue": [{"open": "06:00", "close": "18:00"}],
      "wed": [{"open": "06:00", "close": "18:00"}],
      "thu": [{"open": "06:00", "close": "18:00"}],
      "fri": [{"open": "06:00", "close": "18:00"}],
      "sat": [{"open": "06:00", "close": "18:00"}],
      "sun": [{"open": "06:00", "close": "18:00"}]
    },
    "seasonality": ["All"],
    "duration_minutes": 90,
    "safety_flags": [],
    "region": "Ella"
  },
  {
    "poi_id": "hikkaduwa_beach",
    "place_id": "ChIJF8VQzjhk4jIRkOLJfkzRiBo",
    "name": "Hikkaduwa Beach",
    "coords": {"lat": 6.1389, "lng": 80.1003},
    "tags": ["Beach", "Snorkeling", "Coral", "Nightlife"],
    "themes": ["Nature", "Adventure"],
    "price_band": "mid",
    "estimated_cost": 15,
    "opening_hours": {
      "mon": [{"open": "06:00", "close": "22:00"}],
      "tue": [{"open": "06:00", "close": "22:00"}],
      "wed": [{"open": "06:00", "close": "22:00"}],
      "thu": [{"open": "06:00", "close": "22:00"}],
      "fri": [{"open": "06:00", "close": "22:00"}],
      "sat": [{"open": "06:00", "close": "22:00"}],
      "sun": [{"open": "06:00", "close": "22:00"}]
    },
    "seasonality": ["All"],
    "duration_minutes": 150,
    "safety_flags": [],
    "region": "Galle"
  },
  {
    "poi_id": "stilt_fishermen_koggala",
    "place_id": "ChIJF8VQzjhk4jIRkOLJfkzRiBo",
    "name": "Stilt Fishermen of Koggala",
    "coords": {"lat": 5.9889, "lng": 80.3392},
    "tags": ["Culture", "Traditional", "Photography", "Local Experience"],
    "themes": ["Culture"],
    "price_band": "low",
    "estimated_cost": 8,
    "opening_hours": {
      "mon": [{"open": "06:00", "close": "18:00"}],
      "tue": [{"open": "06:00", "close": "18:00"}],
      "wed": [{"open": "06:00", "close": "18:00"}],
      "thu": [{"open": "06:00", "close": "18:00"}],
      "fri": [{"open": "06:00", "close": "18:00"}],
      "sat": [{"open": "06:00", "close": "18:00"}],
      "sun": [{"open": "06:00", "close": "18:00"}]
    },
    "seasonality": ["All"],
    "duration_minutes": 60,
    "safety_flags": [],
    "region": "Galle"
  },
  {
    "poi_id": "arugam_bay",
    "place_id": "ChIJ7fM8TqhE5TIRwR2wKTUMKnE",
    "name": "Arugam Bay",
    "coords": {"lat": 6.8415, "lng": 81.8361},
    "tags": ["Beach", "Surfing", "Adventure", "Backpacker"],
    "themes": ["Adventure", "Nature"],
    "price_band": "mid",
    "estimated_cost": 20,
    "opening_hours": {
      "mon": [{"open": "06:00", "close": "19:00"}],
      "tue": [{"open": "06:00", "close": "19:00"}],
      "wed": [{"open": "06:00", "close": "19:00"}],
      "thu": [{"open": "06:00", "close": "19:00"}],
      "fri": [{"open": "06:00", "close": "19:00"}],
      "sat": [{"open": "06:00", "close": "19:00"}],
      "sun": [{"open": "06:00", "close": "19:00"}]
    },
    "seasonality": ["Apr", "May", "Jun", "Jul", "Aug", "Sep", "Oct"],
    "duration_minutes": 240,
    "safety_flags": [],
    "region": "Ampara"
  },
  {
    "poi_id": "sinharaja_rainforest",
    "place_id": "ChIJX7kDWqhD5TIRdZJG5zOSfDo",
    "name": "Sinharaja Forest Reserve",
    "coords": {"lat": 6.4011, "lng": 80.4089},
    "tags": ["Nature", "UNESCO", "Rainforest", "Wildlife", "Hiking"],
    "themes": ["Nature", "Adventure"],
    "price_band": "mid",
    "estimated_cost": 22,
    "opening_hours": {
      "mon": [{"open": "06:00", "close": "16:00"}],
      "tue": [{"open": "06:00", "close": "16:00"}],
      "wed": [{"open": "06:00", "close": "16:00"}],
      "thu": [{"open": "06:00", "close": "16:00"}],
      "fri": [{"open": "06:00", "close": "16:00"}],
      "sat": [{"open": "06:00", "close": "16:00"}],
      "sun": [{"open": "06:00", "close": "16:00"}]
    },
    "seasonality": ["All"],
    "duration_minutes": 180,
    "safety_flags": ["requires_guide"],
    "region": "Ratnapura"
  },
  {
    "poi_id": "kandy_cultural_show",
    "place_id": "ChIJaRYKtcFo4TIRMbmNc3FYRys",
    "name": "Kandy Cultural Dance Show",
    "coords": {"lat": 7.2906, "lng": 80.6337},
    "tags": ["Culture", "Dance", "Traditional", "Entertainment"],
    "themes": ["Culture"],
    "price_band": "mid",
    "estimated_cost": 12,
    "opening_hours": {
      "mon": [{"open": "17:30", "close": "19:00"}],
      "tue": [{"open": "17:30", "close": "19:00"}],
      "wed": [{"open": "17:30", "close": "19:00"}],
      "thu": [{"open": "17:30", "close": "19:00"}],
      "fri": [{"open": "17:30", "close": "19:00"}],
      "sat": [{"open": "17:30", "close": "19:00"}],
      "sun": [{"open": "17:30", "close": "19:00"}]
    },
    "seasonality": ["All"],
    "duration_minutes": 90,
    "safety_flags": [],
    "region": "Kandy"
  },
  {
    "poi_id": "pettah_floating_market",
    "place_id": "ChIJNY4zjkFU4jIRwg8xQg5dOxE",
    "name": "Pettah Floating Market",
    "coords": {"lat": 6.9395, "lng": 79.8518},
    "tags": ["Shopping", "Local Experience", "Food", "Market"],
    "themes": ["Food", "Culture"],
    "price_band": "low",
    "estimated_cost": 10,
    "opening_hours": {
      "mon": [{"open": "07:00", "close": "20:00"}],
      "tue": [{"open": "07:00", "close": "20:00"}],
      "wed": [{"open": "07:00", "close": "20:00"}],
      "thu": [{"open": "07:00", "close": "20:00"}],
      "fri": [{"open": "07:00", "close": "20:00"}],
      "sat": [{"open": "07:00", "close": "20:00"}],
      "sun": [{"open": "07:00", "close": "20:00"}]
    },
    "seasonality": ["All"],
    "duration_minutes": 75,
    "safety_flags": [],
    "region": "Colombo"
  },
  {
    "poi_id": "udawalawe_national_park",
    "place_id": "ChIJ7fM8TqhE5TIRwR2wKTUMKnE",
    "name": "Udawalawe National Park",
    "coords": {"lat": 6.4372, "lng": 80.8892},
    "tags": ["Wildlife", "Safari", "Elephants", "Nature"],
    "themes": ["Nature", "Adventure"],
    "price_band": "high",
    "estimated_cost": 38,
    "opening_hours": {
      "mon": [{"open": "06:00", "close": "18:00"}],
      "tue": [{"open": "06:00", "close": "18:00"}],
      "wed": [{"open": "06:00", "close": "18:00"}],
      "thu": [{"open": "06:00", "close": "18:00"}],
      "fri": [{"open": "06:00", "close": "18:00"}],
      "sat": [{"open": "06:00", "close": "18:00"}],
      "sun": [{"open": "06:00", "close": "18:00"}]
    },
    "seasonality": ["All"],
    "duration_minutes": 180,
    "safety_flags": [],
    "region": "Ratnapura"
  },
  {
    "poi_id": "negombo_fish_market",
    "place_id": "ChIJNY4zjkFU4jIRwg8xQg5dOxE",
    "name": "Negombo Fish Market",
    "coords": {"lat": 7.2083, "lng": 79.8358},
    "tags": ["Local Experience", "Food", "Market", "Culture"],
    "themes": ["Food", "Culture"],
    "price_band": "low",
    "estimated_cost": 5,
    "opening_hours": {
      "mon": [{"open": "05:00", "close": "10:00"}],
      "tue": [{"open": "05:00", "close": "10:00"}],
      "wed": [{"open": "05:00", "close": "10:00"}],
      "thu": [{"open": "05:00", "close": "10:00"}],
      "fri": [{"open": "05:00", "close": "10:00"}],
      "sat": [{"open": "05:00", "close": "10:00"}],
      "sun": [{"open": "05:00", "close": "10:00"}]
    },
    "seasonality": ["All"],
    "duration_minutes": 60,
    "safety_flags": [],
    "region": "Negombo"
  },
  {
    "poi_id": "ella_rock",
    "place_id": "ChIJp7X8ZjBF5TIRfwVe7kOe8Ko",
    "name": "Ella Rock",
    "coords": {"lat": 6.8725, "lng": 81.0464},
    "tags": ["Hiking", "Nature", "Adventure", "Panoramic Views"],
    "themes": ["Adventure", "Nature"],
    "price_band": "low",
    "estimated_cost": 0,
    "opening_hours": {
      "mon": [{"open": "05:00", "close": "18:00"}],
      "tue": [{"open": "05:00", "close": "18:00"}],
      "wed": [{"open": "05:00", "close": "18:00"}],
      "thu": [{"open": "05:00", "close": "18:00"}],
      "fri": [{"open": "05:00", "close": "18:00"}],
      "sat": [{"open": "05:00", "close": "18:00"}],
      "sun": [{"open": "05:00", "close": "18:00"}]
    },
    "seasonality": ["All"],
    "duration_minutes": 240,
    "safety_flags": ["requires_guide"],
    "region": "Ella"
  },
  {
    "poi_id": "ravana_falls",
    "place_id": "ChIJp7X8ZjBF5TIRfwVe7kOe8Ko",
    "name": "Ravana Falls",
    "coords": {"lat": 6.9031, "lng": 81.0569},
    "tags": ["Nature", "Waterfall", "Photography", "Swimming"],
    "themes": ["Nature"],
    "price_band": "low",
    "estimated_cost": 0,
    "opening_hours": {
      "mon": [{"open": "06:00", "close": "18:00"}],
      "tue": [{"open": "06:00", "close": "18:00"}],
      "wed": [{"open": "06:00", "close": "18:00"}],
      "thu": [{"open": "06:00", "close": "18:00"}],
      "fri": [{"open": "06:00", "close": "18:00"}],
      "sat": [{"open": "06:00", "close": "18:00"}],
      "sun": [{"open": "06:00", "close": "18:00"}]
    },
    "seasonality": ["All"],
    "duration_minutes": 75,
    "safety_flags": [],
    "region": "Ella"
  },
  {
    "poi_id": "jaffna_fort",
    "place_id": "ChIJaRYKtcFo4TIRMbmNc3FYRys",
    "name": "Jaffna Fort",
    "coords": {"lat": 9.6615, "lng": 80.0255},
    "tags": ["History", "Colonial", "Fort", "Culture"],
    "themes": ["Culture"],
    "price_band": "low",
    "estimated_cost": 3,
    "opening_hours": {
      "mon": [{"open": "08:00", "close": "17:00"}],
      "tue": [{"open": "08:00", "close": "17:00"}],
      "wed": [{"open": "08:00", "close": "17:00"}],
      "thu": [{"open": "08:00", "close": "17:00"}],
      "fri": [{"open": "08:00", "close": "17:00"}],
      "sat": [{"open": "08:00", "close": "17:00"}],
      "sun": [{"open": "08:00", "close": "17:00"}]
    },
    "seasonality": ["All"],
    "duration_minutes": 90,
    "safety_flags": [],
    "region": "Jaffna"
  },
  {
    "poi_id": "spice_garden_matale",
    "place_id": "ChIJaRYKtcFo4TIRMbmNc3FYRys",
    "name": "Spice Garden Matale",
    "coords": {"lat": 7.4698, "lng": 80.6217},
    "tags": ["Agriculture", "Spices", "Local Experience", "Education"],
    "themes": ["Food", "Culture"],
    "price_band": "mid",
    "estimated_cost": 15,
    "opening_hours": {
      "mon": [{"open": "08:00", "close": "17:00"}],
      "tue": [{"open": "08:00", "close": "17:00"}],
      "wed": [{"open": "08:00", "close": "17:00"}],
      "thu": [{"open": "08:00", "close": "17:00"}],
      "fri": [{"open": "08:00", "close": "17:00"}],
      "sat": [{"open": "08:00", "close": "17:00"}],
      "sun": [{"open": "08:00", "close": "17:00"}]
    },
    "seasonality": ["All"],
    "duration_minutes": 90,
    "safety_flags": [],
    "region": "Matale"
  },
  {
    "poi_id": "kalpitiya_kitesurfing",
    "place_id": "ChIJNY4zjkFU4jIRwg8xQg5dOxE",
    "name": "Kalpitiya Kitesurfing",
    "coords": {"lat": 8.2320, "lng": 79.7700},
    "tags": ["Water Sports", "Adventure", "Kitesurfing", "Beach"],
    "themes": ["Adventure", "Nature"],
    "price_band": "high",
    "estimated_cost": 55,
    "opening_hours": {
      "mon": [{"open": "08:00", "close": "17:00"}],
      "tue": [{"open": "08:00", "close": "17:00"}],
      "wed": [{"open": "08:00", "close": "17:00"}],
      "thu": [{"open": "08:00", "close": "17:00"}],
      "fri": [{"open": "08:00", "close": "17:00"}],
      "sat": [{"open": "08:00", "close": "17:00"}],
      "sun": [{"open": "08:00", "close": "17:00"}]
    },
    "seasonality": ["May", "Jun", "Jul", "Aug", "Sep", "Oct"],
    "duration_minutes": 180,
    "safety_flags": ["requires_instructor"],
    "region": "Puttalam"
  },
  {
    "poi_id": "wilpattu_national_park",
    "place_id": "ChIJ7fM8TqhE5TIRwR2wKTUMKnE",
    "name": "Wilpattu National Park",
    "coords": {"lat": 8.5381, "lng": 80.0225},
    "tags": ["Wildlife", "Safari", "Leopards", "Nature"],
    "themes": ["Nature", "Adventure"],
    "price_band": "high",
    "estimated_cost": 42,
    "opening_hours": {
      "mon": [{"open": "06:00", "close": "18:00"}],
      "tue": [{"open": "06:00", "close": "18:00"}],
      "wed": [{"open": "06:00", "close": "18:00"}],
      "thu": [{"open": "06:00", "close": "18:00"}],
      "fri": [{"open": "06:00", "close": "18:00"}],
      "sat": [{"open": "06:00", "close": "18:00"}],
      "sun": [{"open": "06:00", "close": "18:00"}]
    },
    "seasonality": ["All"],
    "duration_minutes": 180,
    "safety_flags": [],
    "region": "Anuradhapura"
  },
  {
    "poi_id": "unawatuna_beach",
    "place_id": "ChIJF8VQzjhk4jIRkOLJfkzRiBo",
    "name": "Unawatuna Beach",
    "coords": {"lat": 6.0108, "lng": 80.2492},
    "tags": ["Beach", "Swimming", "Snorkeling", "Relaxation"],
    "themes": ["Nature", "Relaxation"],
    "price_band": "low",
    "estimated_cost": 5,
    "opening_hours": {
      "mon": [{"open": "06:00", "close": "19:00"}],
      "tue": [{"open": "06:00", "close": "19:00"}],
      "wed": [{"open": "06:00", "close": "19:00"}],
      "thu": [{"open": "06:00", "close": "19:00"}],
      "fri": [{"open": "06:00", "close": "19:00"}],
      "sat": [{"open": "06:00", "close": "19:00"}],
      "sun": [{"open": "06:00", "close": "19:00"}]
    },
    "seasonality": ["All"],
    "duration_minutes": 120,
    "safety_flags": [],
    "region": "Galle"
  },
  {
    "poi_id": "kelaniya_temple",
    "place_id": "ChIJNY4zjkFU4jIRwg8xQg5dOxE",
    "name": "Kelaniya Raja Maha Vihara",
    "coords": {"lat": 6.9556, "lng": 79.9219},
    "tags": ["Culture", "Temple", "History", "Buddhism"],
    "themes": ["Culture"],
    "price_band": "low",
    "estimated_cost": 0,
    "opening_hours": {
      "mon": [{"open": "05:30", "close": "20:00"}],
      "tue": [{"open": "05:30", "close": "20:00"}],
      "wed": [{"open": "05:30", "close": "20:00"}],
      "thu": [{"open": "05:30", "close": "20:00"}],
      "fri": [{"open": "05:30", "close": "20:00"}],
      "sat": [{"open": "05:30", "close": "20:00"}],
      "sun": [{"open": "05:30", "close": "20:00"}]
    },
    "seasonality": ["All"],
    "duration_minutes": 60,
    "safety_flags": [],
    "region": "Colombo"
  },
  {
    "poi_id": "pidurangala_rock",
    "place_id": "ChIJkx6mKrpE5jIRqwbhSLZC5Uo",
    "name": "Pidurangala Rock",
    "coords": {"lat": 7.9689, "lng": 80.7575},
    "tags": ["Hiking", "Adventure", "Sunrise", "Photography"],
    "themes": ["Adventure", "Nature"],
    "price_band": "low",
    "estimated_cost": 3,
    "opening_hours": {
      "mon": [{"open": "05:00", "close": "18:00"}],
      "tue": [{"open": "05:00", "close": "18:00"}],
      "wed": [{"open": "05:00", "close": "18:00"}],
      "thu": [{"open": "05:00", "close": "18:00"}],
      "fri": [{"open": "05:00", "close": "18:00"}],
      "sat": [{"open": "05:00", "close": "18:00"}],
      "sun": [{"open": "05:00", "close": "18:00"}]
    },
    "seasonality": ["All"],
    "duration_minutes": 120,
    "safety_flags": [],
    "region": "Dambulla"
  },
  {
    "poi_id": "nuwara_eliya_town",
    "place_id": "ChIJu7X8ZjBF5TIRfwVe7kOe8Ko",
    "name": "Nuwara Eliya Town",
    "coords": {"lat": 6.9497, "lng": 80.7891},
    "tags": ["Colonial", "Hill Station", "Cool Climate", "Architecture"],
    "themes": ["Culture", "Nature"],
    "price_band": "mid",
    "estimated_cost": 10,
    "opening_hours": {
      "mon": [{"open": "08:00", "close": "18:00"}],
      "tue": [{"open": "08:00", "close": "18:00"}],
      "wed": [{"open": "08:00", "close": "18:00"}],
      "thu": [{"open": "08:00", "close": "18:00"}],
      "fri": [{"open": "08:00", "close": "18:00"}],
      "sat": [{"open": "08:00", "close": "18:00"}],
      "sun": [{"open": "08:00", "close": "18:00"}]
    },
    "seasonality": ["All"],
    "duration_minutes": 120,
    "safety_flags": [],
    "region": "Nuwara Eliya"
  },
  {
    "poi_id": "dehiwala_zoo",
    "place_id": "ChIJNY4zjkFU4jIRwg8xQg5dOxE",
    "name": "Dehiwala Zoo",
    "coords": {"lat": 6.8516, "lng": 79.8744},
    "tags": ["Family", "Wildlife", "Education", "Zoo"],
    "themes": ["Nature"],
    "price_band": "low",
    "estimated_cost": 8,
    "opening_hours": {
      "mon": [{"open": "08:30", "close": "17:30"}],
      "tue": [{"open": "08:30", "close": "17:30"}],
      "wed": [{"open": "08:30", "close": "17:30"}],
      "thu": [{"open": "08:30", "close": "17:30"}],
      "fri": [{"open": "08:30", "close": "17:30"}],
      "sat": [{"open": "08:30", "close": "17:30"}],
      "sun": [{"open": "08:30", "close": "17:30"}]
    },
    "seasonality": ["All"],
    "duration_minutes": 150,
    "safety_flags": [],
    "region": "Colombo"
  },
  {
    "poi_id": "lipton_seat",
    "place_id": "ChIJu7X8ZjBF5TIRfwVe7kOe8Ko",
    "name": "Lipton's Seat",
    "coords": {"lat": 6.8831, "lng": 80.8664},
    "tags": ["Nature", "Tea", "Panoramic Views", "History"],
    "themes": ["Nature", "Culture"],
    "price_band": "low",
    "estimated_cost": 0,
    "opening_hours": {
      "mon": [{"open": "06:00", "close": "18:00"}],
      "tue": [{"open": "06:00", "close": "18:00"}],
      "wed": [{"open": "06:00", "close": "18:00"}],
      "thu": [{"open": "06:00", "close": "18:00"}],
      "fri": [{"open": "06:00", "close": "18:00"}],
      "sat": [{"open": "06:00", "close": "18:00"}],
      "sun": [{"open": "06:00", "close": "18:00"}]
    },
    "seasonality": ["All"],
    "duration_minutes": 90,
    "safety_flags": [],
    "region": "Haputale"
  },
  {
    "poi_id": "coconut_tree_hill",
    "place_id": "ChIJF8VQzjhk4jIRkOLJfkzRiBo",
    "name": "Coconut Tree Hill",
    "coords": {"lat": 5.9467, "lng": 80.4564},
    "tags": ["Nature", "Photography", "Sunset", "Coconut Palms"],
    "themes": ["Nature"],
    "price_band": "low",
    "estimated_cost": 0,
    "opening_hours": {
      "mon": [{"open": "06:00", "close": "19:00"}],
      "tue": [{"open": "06:00", "close": "19:00"}],
      "wed": [{"open": "06:00", "close": "19:00"}],
      "thu": [{"open": "06:00", "close": "19:00"}],
      "fri": [{"open": "06:00", "close": "19:00"}],
      "sat": [{"open": "06:00", "close": "19:00"}],
      "sun": [{"open": "06:00", "close": "19:00"}]
    },
    "seasonality": ["All"],
    "duration_minutes": 45,
    "safety_flags": [],
    "region": "Mirissa"
  },
  {
    "poi_id": "bambarakanda_falls",
    "place_id": "ChIJu7X8ZjBF5TIRfwVe7kOe8Ko",
    "name": "Bambarakanda Falls",
    "coords": {"lat": 6.8183, "lng": 80.8028},
    "tags": ["Nature", "Waterfall", "Hiking", "Photography"],
    "themes": ["Nature", "Adventure"],
    "price_band": "low",
    "estimated_cost": 5,
    "opening_hours": {
      "mon": [{"open": "06:00", "close": "18:00"}],
      "tue": [{"open": "06:00", "close": "18:00"}],
      "wed": [{"open": "06:00", "close": "18:00"}],
      "thu": [{"open": "06:00", "close": "18:00"}],
      "fri": [{"open": "06:00", "close": "18:00"}],
      "sat": [{"open": "06:00", "close": "18:00"}],
      "sun": [{"open": "06:00", "close": "18:00"}]
    },
    "seasonality": ["All"],
    "duration_minutes": 120,
    "safety_flags": [],
    "region": "Badulla"
  }
]
