{
  "version": "pref_lr_v1",
  "created_at": "2025-09-08T00:35:00.406731",
  "feature_names": [
    "culture",
    "nature",
    "food",
    "history",
    "art",
    "music",
    "sports",
    "shopping",
    "adventure",
    "relaxation",
    "family",
    "romantic",
    "budget",
    "luxury",
    "local",
    "tourist",
    "quiet",
    "crowded",
    "indoor",
    "outdoor",
    "religious",
    "secular",
    "modern",
    "traditional",
    "urban",
    "rural",
    "beach",
    "mountain",
    "city",
    "village",
    "price_free",
    "price_low",
    "price_medium",
    "price_high",
    "estimated_cost",
    "duration_minutes",
    "opening_align",
    "distance_km"
  ],
  "tag_vocab": [
    "culture",
    "nature",
    "food",
    "history",
    "art",
    "music",
    "sports",
    "shopping",
    "adventure",
    "relaxation",
    "family",
    "romantic",
    "budget",
    "luxury",
    "local",
    "tourist",
    "quiet",
    "crowded",
    "indoor",
    "outdoor",
    "religious",
    "secular",
    "modern",
    "traditional",
    "urban",
    "rural",
    "beach",
    "mountain",
    "city",
    "village"
  ],
  "metrics": {
    "accuracy": 0.8,
    "auc": 0.8862153753512645,
    "n_samples": 400,
    "n_features": 38
  },
  "model_type": "LogisticRegression",
  "preprocessing": [
    "StandardScaler"
  ]
}